RecordNumber;customerId;Name;Surname;CustomerAddress;ZipCode;NationalID;DateOfBirth;Street;City
1;263731;;;Paris Avenue Montaigne;75722;54853;1/14/1990;Avenue Montaigne;Paris
2;619826;;;Toulouse Avenue Victor Hugo;87012;62869;4/22/1971;Avenue Victor Hugo;Toulouse
3;498898;;;Paris Rue Lafayette;76767;30443;4/23/1984;Rue Lafayette;Paris
4;164168;;;Strasbourg Rue des Martyrs;28992;41569;9/16/1985;Rue des Martyrs;Strasbourg
5;274328;;;Strasbourg Rue de la République;74771;9593446933;8/17/1980;Rue de la République;Strasbourg
6;470720;;;Marseille Rue de la République;92287;1227078693;6/24/1972;Rue de la République;Marseille
7;770903;;;Nice Boulevard Saint-Germain;36376;4350974451;9/25/2005;Boulevard Saint-Germain;Nice
8;796754;;;Marseille Rue Lafayette;92811;541441656;4/15/1980;Rue Lafayette;Marseille
9;291518;;;Nice Rue Lafayette;6362;80057;1/21/1971;Rue Lafayette;Nice
10;666503;;;Lyon Boulevard Saint-Germain;16554;8885381627;7/5/2002;Boulevard Saint-Germain;Lyon
11;770330;;;Nice Rue de la République;92507;8273090515;10/9/1989;Rue de la République;Nice
12;398303;;;Lyon Rue de la République;26237;67262;10/21/1987;Rue de la République;Lyon
13;316572;;;Strasbourg Boulevard Saint-Germain;54120;7176017814;5/2/1973;Boulevard Saint-Germain;Strasbourg
14;979443;;;Marseille Rue de Rivoli;5327;5281472703;3/2/1989;Rue de Rivoli;Marseille
15;854861;;;Paris Avenue Victor Hugo;29787;94440;9/11/1990;Avenue Victor Hugo;Paris
16;404097;;;Lyon Avenue des Champs-Élysées;13432;1739727749;6/27/1980;Avenue des Champs-Élysées;Lyon
17;300306;;;Paris Avenue des Champs-Élysées;72472;88758;11/24/1996;Avenue des Champs-Élysées;Paris
18;620266;;;Nice Rue de la République;96638;99543;8/17/1987;Rue de la République;Nice
19;353528;;;Toulouse Avenue des Champs-Élysées;97579;7631403623;8/16/1971;Avenue des Champs-Élysées;Toulouse
20;625496;;;Marseille Avenue Montaigne;89838;29279;3/20/1983;Avenue Montaigne;Marseille
21;756671;Gabriel;Leroy;Toulouse Rue des Martyrs;53111;101215;7/27/2030;Rue des Martyrs;Toulouse
22;267409;Hugo;Leroy;Strasbourg Rue de la République;42535;58471;7/31/2029;Rue de la République;Strasbourg
23;567930;Lucas;Dubois;Strasbourg Boulevard Saint-Germain;7819;26285;5/4/2031;Boulevard Saint-Germain;Strasbourg
24;498898;Emma;Robert;Lyon Rue de la République;89165;105459;7/14/2033;Rue de la République;Lyon
25;220565;Manon;Martin;Toulouse Avenue des Champs-Élysées;2326;4248378599;11/11/2029;Avenue des Champs-Élysées;Toulouse
26;606136;Emma;Richard;Lyon Rue de la Paix;59827;7101557789;2/18/2031;Rue de la Paix;Lyon
27;654353;Chloé;Bernard;Paris Rue de la Paix;33429;74227;10/16/2025;Rue de la Paix;Paris
28;845456;Lucas;Simon;Marseille Rue de Rivoli;5330;697569330;4/30/2028;Rue de Rivoli;Marseille
29;846749;Manon;Moreau;Toulouse Rue de Rivoli;78128;3620803731;10/3/2024;Rue de Rivoli;Toulouse
30;706890;Inès;Bernard;Strasbourg Boulevard Haussmann;9133;9858694034;12/25/2027;Boulevard Haussmann;Strasbourg
31;173922;Lucas;Dubois;Toulouse Avenue Montaigne;80989;6662483990;10/20/2028;Avenue Montaigne;Toulouse
32;111957;Lucas;Petit;Nice Boulevard Haussmann;11206;7027246525;8/9/2026;Boulevard Haussmann;Nice
33;479134;Chloé;Bernard;Paris Avenue Montaigne;72893;49016;10/23/2025;Avenue Montaigne;Paris
34;594569;Rose;Thomas;Lyon Rue de la Paix;61941;8564273258;3/16/2029;Rue de la Paix;Lyon
35;682444;Inès;Durand;Marseille Avenue Victor Hugo;93405;83587;1/22/2033;Avenue Victor Hugo;Marseille
36;973683;Gabriel;Robert;Nice Rue de Rivoli;57510;59268;10/22/2032;Rue de Rivoli;Nice
37;251659;Chloé;Robert;Nice Avenue Montaigne;40606;78960;3/11/2032;Avenue Montaigne;Nice
38;439523;Camille;Durand;Nice Rue Lafayette;41726;4199562729;3/19/2030;Rue Lafayette;Nice
39;489157;Jade;Simon;Strasbourg Rue de Rivoli;82072;80702;2/16/2026;Rue de Rivoli;Strasbourg
40;770903;Gabriel;Robert;Toulouse Boulevard Saint-Germain;85066;75634;8/6/2031;Boulevard Saint-Germain;Toulouse
41;233042;Milo;Dubois;Paris Rue Lafayette;3083;17511;9/19/2024;Rue Lafayette;Paris
42;319856;Nathan;Dubois;Nice Avenue des Champs-Élysées;48553;4190708194;2/19/2027;Avenue des Champs-Élysées;Nice
43;591353;Arthur;Dubois;Marseille Rue des Martyrs;9823;7536601933;1/1/2026;Rue des Martyrs;Marseille
44;653936;Jade;Richard;Strasbourg Rue de Rivoli;27163;107345;3/15/2027;Rue de Rivoli;Strasbourg
45;839752;Rose;Thomas;Nice Rue de la Paix;91323;70952;6/28/2032;Rue de la Paix;Nice
46;430401;Léa;Simon;Marseille Avenue Montaigne;39545;2130496989;4/19/2028;Avenue Montaigne;Marseille
47;193733;Lucas;Petit;Marseille Avenue Montaigne;94851;20045;6/14/2033;Avenue Montaigne;Marseille
48;51613;Inès;Martin;Marseille Rue de la République;44930;3828103901;7/5/2033;Rue de la République;Marseille
49;691387;Louis;Thomas;Marseille Avenue Victor Hugo;78865;8436614933;1/17/2033;Avenue Victor Hugo;Marseille
50;914475;Rose;Simon;Lyon Rue de Rivoli;54720;1942190200;7/31/2024;Rue de Rivoli;Lyon
51;81335;Gabriel;Bernard;Toulouse Rue de la République;55441;107924;7/9/2032;Rue de la République;Toulouse
52;755322;Milo;Martin;Nice Rue des Martyrs;70034;3004204206;7/7/2032;Rue des Martyrs;Nice
53;547343;Emma;Durand;Marseille Rue de Rivoli;84963;98541;7/5/2025;Rue de Rivoli;Marseille
54;467940;Gabriel;Moreau;Strasbourg Avenue Victor Hugo;55740;2269573041;9/1/2026;Avenue Victor Hugo;Strasbourg
55;235459;Emma;Richard;Toulouse Rue de la République;43967;7870791084;8/7/2026;Rue de la République;Toulouse
56;471327;Lucas;Durand;Toulouse Rue de la Paix;12232;59539;5/19/2031;Rue de la Paix;Toulouse
57;961129;Milo;Leroy;Lyon Rue de Rivoli;94995;16758;10/17/2025;Rue de Rivoli;Lyon
58;289054;Lucas;Richard;Nice Rue de la Paix;83455;367140541;2/12/2027;Rue de la Paix;Nice
59;824891;Nathan;Thomas;Marseille Rue des Martyrs;93547;107770;6/6/2032;Rue des Martyrs;Marseille
60;388054;Emma;Martin;Paris Boulevard Haussmann;5448;32746;7/11/2028;Boulevard Haussmann;Paris
61;812371;Léa;Robert;Marseille Rue des Martyrs;95298;1065958409;4/12/2031;Rue des Martyrs;Marseille
62;620750;Inès;Martin;Lyon Rue de Rivoli;71911;3735004129;3/7/2029;Rue de Rivoli;Lyon
63;394028;Hugo;Bernard;Nice Avenue Montaigne;11618;2762165939;12/20/2024;Avenue Montaigne;Nice
64;373913;Rose;Bernard;Strasbourg Boulevard Haussmann;84848;8298001629;3/11/2030;Boulevard Haussmann;Strasbourg
65;142995;Manon;Robert;Paris Rue de la Paix;31297;18130;5/23/2032;Rue de la Paix;Paris
66;253875;Lucas;Petit;Nice Avenue des Champs-Élysées;36324;5146931472;8/14/2028;Avenue des Champs-Élysées;Nice
67;300306;Rose;Martin;Toulouse Boulevard Haussmann;51192;13421595;6/7/2025;Boulevard Haussmann;Toulouse
68;771016;Hugo;Durand;Paris Rue de la République;63787;1986745192;3/27/2030;Rue de la République;Paris
69;602671;Manon;Bernard;Paris Avenue des Champs-Élysées;55512;3208705382;5/20/2025;Avenue des Champs-Élysées;Paris
70;467940;Gabriel;Moreau;Strasbourg Rue des Martyrs;36178;105062;2/22/2031;Rue des Martyrs;Strasbourg
71;972918;Jade;Durand;Toulouse Avenue Victor Hugo;96833;39210;7/29/2032;Avenue Victor Hugo;Toulouse
72;653936;Inès;Bernard;Toulouse Rue Lafayette;55075;77243;9/9/2029;Rue Lafayette;Toulouse
73;128281;Jade;Thomas;Toulouse Boulevard Saint-Germain;51882;3484011928;10/2/2033;Boulevard Saint-Germain;Toulouse
74;111957;Camille;Durand;Paris Rue Lafayette;16543;829446100;11/25/2030;Rue Lafayette;Paris
75;956325;Arthur;Leroy;Toulouse Rue de la République;75058;159001506;9/4/2025;Rue de la République;Toulouse
76;854861;Lucas;Petit;Nice Rue de la République;34259;37537;3/26/2029;Rue de la République;Nice
77;398516;Arthur;Richard;Nice Rue de Rivoli;34898;2736686959;6/20/2029;Rue de Rivoli;Nice
78;836973;Camille;Petit;Toulouse Rue Lafayette;32010;3425162119;11/20/2032;Rue Lafayette;Toulouse
79;338925;Louis;Petit;Marseille Rue Lafayette;48187;55131;12/5/2024;Rue Lafayette;Marseille
80;620266;Nathan;Richard;Strasbourg Avenue des Champs-Élysées;49680;24870;10/14/2027;Avenue des Champs-Élysées;Strasbourg
81;407023;Jade;Simon;Marseille Boulevard Saint-Germain;61445;7125400085;12/27/2026;Boulevard Saint-Germain;Marseille
82;655657;Léa;Bernard;Strasbourg Avenue Montaigne;21506;37068;10/30/2031;Avenue Montaigne;Strasbourg
83;518767;Chloé;Dubois;Strasbourg Avenue Victor Hugo;93231;88785;3/30/2031;Avenue Victor Hugo;Strasbourg
84;543013;Chloé;Thomas;Nice Avenue des Champs-Élysées;88836;8044564920;9/10/2028;Avenue des Champs-Élysées;Nice
85;468873;Léa;Richard;Paris Rue de Rivoli;75550;4643237236;9/21/2026;Rue de Rivoli;Paris
86;770330;Louis;Richard;Nice Avenue Montaigne;29003;95774;6/30/2030;Avenue Montaigne;Nice
87;259354;Léa;Petit;Paris Rue de Rivoli;50858;9047364218;9/30/2028;Rue de Rivoli;Paris
88;761082;Chloé;Bernard;Strasbourg Boulevard Haussmann;96244;9712458840;8/27/2029;Boulevard Haussmann;Strasbourg
89;777821;Gabriel;Leroy;Strasbourg Rue de la Paix;88582;92246;4/10/2027;Rue de la Paix;Strasbourg
90;796754;Chloé;Thomas;Lyon Rue de Rivoli;5842;48478;7/26/2030;Rue de Rivoli;Lyon
91;625496;Inès;Thomas;Paris Avenue des Champs-Élysées;99086;31813;6/24/2029;Avenue des Champs-Élysées;Paris
92;973683;Louis;Simon;Paris Rue de la République;9110;5711562716;2/6/2033;Rue de la République;Paris
93;851712;Milo;Thomas;Lyon Rue des Martyrs;16437;87561;7/27/2031;Rue des Martyrs;Lyon
94;822305;Chloé;Durand;Nice Avenue des Champs-Élysées;69364;1272252014;7/10/2026;Avenue des Champs-Élysées;Nice
95;669630;Lucas;Richard;Lyon Rue de la Paix;93656;94447;8/30/2030;Rue de la Paix;Lyon
96;213994;Manon;Richard;Nice Boulevard Saint-Germain;84680;2387002374;3/28/2031;Boulevard Saint-Germain;Nice
97;676447;Hugo;Dubois;Lyon Rue de la Paix;75841;36724;3/18/2032;Rue de la Paix;Lyon
98;646501;Camille;Dubois;Marseille Avenue des Champs-Élysées;92238;4666945463;7/10/2027;Avenue des Champs-Élysées;Marseille
99;9773;Milo;Richard;Toulouse Avenue des Champs-Élysées;375;41532;1/25/2032;Avenue des Champs-Élysées;Toulouse
100;149419;Hugo;Petit;Paris Rue des Martyrs;4910;55694;12/30/2025;Rue des Martyrs;Paris
101;305750;Léa;Robert;Marseille Rue de la Paix;29440;4088385039;5/19/1979;Rue de la Paix;Marseille
102;213994;Lucas;Robert;Lyon Boulevard Saint-Germain;23200;4152120959;11/27/2002;Boulevard Saint-Germain;Lyon
103;782377;Manon;Leroy;Lyon Boulevard Haussmann;1173;6823436557;9/4/2003;Boulevard Haussmann;Lyon
104;961129;Emma;Durand;Toulouse Boulevard Saint-Germain;53644;1456446002;3/16/1987;Boulevard Saint-Germain;Toulouse
105;600983;Camille;Dubois;Nice Avenue Montaigne;78132;4621782592;11/15/1976;Avenue Montaigne;Nice
106;498898;Léa;Dubois;Marseille Boulevard Saint-Germain;45523;8625659111;8/9/1996;Boulevard Saint-Germain;Marseille
107;912642;Rose;Bernard;Strasbourg Rue de la Paix;37042;4304233297;1/13/1977;Rue de la Paix;Strasbourg
108;167790;Arthur;Martin;Nice Rue de la République;49065;7334224175;8/13/1974;Rue de la République;Nice
109;356431;Léa;Dubois;Strasbourg Boulevard Saint-Germain;92672;7018816785;1/8/1998;Boulevard Saint-Germain;Strasbourg
110;882389;Nathan;Martin;Strasbourg Avenue des Champs-Élysées;15636;4646918579;1/21/1974;Avenue des Champs-Élysées;Strasbourg
111;392532;Lucas;Dubois;Paris Avenue des Champs-Élysées;67644;8012895307;11/3/1983;Avenue des Champs-Élysées;Paris
112;58553;Léa;Leroy;Paris Avenue Victor Hugo;52569;7785340935;3/22/1992;Avenue Victor Hugo;Paris
113;211116;Louis;Dubois;Lyon Rue de la République;28215;7516504122;10/24/1970;Rue de la République;Lyon
114;36032;Nathan;Leroy;Marseille Rue de la Paix;34550;5981011807;1/13/1978;Rue de la Paix;Marseille
115;267533;Arthur;Robert;Lyon Boulevard Haussmann;41437;4600008561;6/25/1997;Boulevard Haussmann;Lyon
116;682444;Manon;Dubois;Strasbourg Rue de Rivoli;61468;6510027844;1/8/1978;Rue de Rivoli;Strasbourg
117;356431;Camille;Martin;Lyon Rue Lafayette;89520;3331391247;2/13/1975;Rue Lafayette;Lyon
118;708274;Inès;Durand;Lyon Avenue Victor Hugo;17027;4596259356;11/7/1994;Avenue Victor Hugo;Lyon
119;373913;Louis;Petit;Marseille Boulevard Saint-Germain;29946;7190651853;3/23/2004;Boulevard Saint-Germain;Marseille
120;724328;Emma;Moreau;Marseille Avenue Montaigne;52536;1799989666;1/18/1989;Avenue Montaigne;Marseille
121;643418;Camille;Thomas;Paris Boulevard Haussmann;37556;3903442429;8/31/1988;Boulevard Haussmann;Paris
122;242367;Jade;Bernard;Lyon Avenue Montaigne;94612;6032338762;1/10/1996;Avenue Montaigne;Lyon
123;50645;Hugo;Moreau;Marseille Rue de la Paix;7518;7184847725;12/28/2005;Rue de la Paix;Marseille
124;765918;Chloé;Simon;Marseille Rue de la Paix;87897;5490270039;3/27/1988;Rue de la Paix;Marseille
125;50645;Inès;Martin;Marseille Avenue des Champs-Élysées;96848;1370666551;12/25/2002;Avenue des Champs-Élysées;Marseille
126;72481;Emma;Bernard;Paris Rue de la Paix;88900;60927951;7/23/1993;Rue de la Paix;Paris
127;11035;Inès;Durand;Toulouse Avenue des Champs-Élysées;9604;2607913462;3/20/1971;Avenue des Champs-Élysées;Toulouse
128;818276;Inès;Martin;Toulouse Rue Lafayette;52014;8258925301;11/11/1996;Rue Lafayette;Toulouse
129;103554;Hugo;Dubois;Toulouse Rue Lafayette;36265;3215459981;6/10/1997;Rue Lafayette;Toulouse
130;255901;Louis;Simon;Marseille Rue des Martyrs;52003;1933481293;9/14/1987;Rue des Martyrs;Marseille
131;102092;Chloé;Simon;Nice Avenue Victor Hugo;22813;3846517623;10/26/1982;Avenue Victor Hugo;Nice
132;594536;Emma;Richard;Nice Avenue Montaigne;43522;8568431674;4/17/1972;Avenue Montaigne;Nice
133;754804;Arthur;Simon;Lyon Avenue Montaigne;66066;4313127801;4/15/1999;Avenue Montaigne;Lyon
134;2530;Léa;Durand;Lyon Rue Lafayette;38516;8209428241;10/4/1978;Rue Lafayette;Lyon
135;558783;Rose;Bernard;Paris Rue Lafayette;22101;9562096718;11/21/1984;Rue Lafayette;Paris
136;984618;Nathan;Richard;Toulouse Avenue Montaigne;68882;4906337236;5/20/2005;Avenue Montaigne;Toulouse
137;599003;Rose;Simon;Nice Rue Lafayette;76696;1163621651;7/29/1977;Rue Lafayette;Nice
138;251659;Camille;Martin;Marseille Avenue Montaigne;43473;7334044169;6/10/2002;Avenue Montaigne;Marseille
139;767774;Rose;Leroy;Lyon Rue de la République;80758;4126528393;6/16/1974;Rue de la République;Lyon
140;692164;Nathan;Petit;Toulouse Boulevard Saint-Germain;55731;3261736461;5/21/1991;Boulevard Saint-Germain;Toulouse
141;81335;Nathan;Robert;Lyon Boulevard Haussmann;56749;3176622260;9/28/1973;Boulevard Haussmann;Lyon
142;926928;Gabriel;Durand;Toulouse Avenue des Champs-Élysées;47494;94054770;9/22/2003;Avenue des Champs-Élysées;Toulouse
143;338633;Gabriel;Robert;Toulouse Boulevard Saint-Germain;77260;3803716926;8/13/1991;Boulevard Saint-Germain;Toulouse
144;979207;Gabriel;Martin;Strasbourg Boulevard Haussmann;38382;9769276960;10/11/1998;Boulevard Haussmann;Strasbourg
145;451077;Jade;Leroy;Nice Rue de la République;24708;2337272052;11/25/1977;Rue de la République;Nice
146;407023;Milo;Richard;Marseille Boulevard Saint-Germain;88286;7695615854;2/29/2000;Boulevard Saint-Germain;Marseille
147;407023;Milo;Martin;Lyon Rue Lafayette;47063;6745246317;12/15/2000;Rue Lafayette;Lyon
148;242121;Léa;Robert;Paris Rue de la République;55699;9115093042;8/10/1986;Rue de la République;Paris
149;681308;Camille;Dubois;Marseille Rue des Martyrs;74682;9564139716;1/4/1972;Rue des Martyrs;Marseille
150;422019;Chloé;Simon;Toulouse Avenue Victor Hugo;73952;2032953994;9/4/2001;Avenue Victor Hugo;Toulouse
151;212948;Jade;Petit;Paris Rue Lafayette;82789;9626143304;4/4/1988;Rue Lafayette;Paris
152;948966;Louis;Martin;Lyon Boulevard Haussmann;84373;4685653548;3/28/1990;Boulevard Haussmann;Lyon
153;302218;Inès;Bernard;Strasbourg Rue de la République;12480;4969129991;6/18/1996;Rue de la République;Strasbourg
154;761082;Nathan;Martin;Toulouse Rue de la Paix;60522;7817110085;6/12/1972;Rue de la Paix;Toulouse
155;846749;Chloé;Simon;Strasbourg Boulevard Saint-Germain;38761;4702067753;11/19/1973;Boulevard Saint-Germain;Strasbourg
156;500094;Inès;Moreau;Marseille Avenue Montaigne;40641;3034046146;10/12/1985;Avenue Montaigne;Marseille
157;275228;Inès;Robert;Marseille Boulevard Saint-Germain;11692;7522781795;8/4/1973;Boulevard Saint-Germain;Marseille
158;756671;Milo;Robert;Marseille Rue de Rivoli;51792;5055212357;6/27/1997;Rue de Rivoli;Marseille
159;347992;Lucas;Petit;Toulouse Rue des Martyrs;74839;7994092268;3/28/1976;Rue des Martyrs;Toulouse
160;754804;Camille;Thomas;Nice Boulevard Haussmann;93440;4050712377;3/23/1992;Boulevard Haussmann;Nice
161;147978;Camille;Bernard;Toulouse Rue de la République;47867;3584386829;11/30/1997;Rue de la République;Toulouse
162;594536;Inès;Martin;Strasbourg Avenue des Champs-Élysées;26750;1175301035;9/8/2001;Avenue des Champs-Élysées;Strasbourg
163;649896;Rose;Thomas;Strasbourg Rue des Martyrs;43253;3638483339;12/28/2004;Rue des Martyrs;Strasbourg
164;973683;Inès;Robert;Nice Avenue des Champs-Élysées;21946;4775959190;12/22/1997;Avenue des Champs-Élysées;Nice
165;918503;Hugo;Martin;Marseille Avenue Montaigne;15519;7121919761;7/6/1998;Avenue Montaigne;Marseille
166;601478;Milo;Thomas;Nice Avenue des Champs-Élysées;21660;6732393324;8/24/1974;Avenue des Champs-Élysées;Nice
167;233042;Léa;Thomas;Lyon Rue Lafayette;69409;2313703789;11/28/1976;Rue Lafayette;Lyon
168;724283;Louis;Durand;Marseille Avenue des Champs-Élysées;82307;2062644590;9/30/1988;Avenue des Champs-Élysées;Marseille
169;452944;Milo;Durand;Lyon Avenue Montaigne;3998;5649365350;3/23/1988;Avenue Montaigne;Lyon
170;781309;Lucas;Leroy;Marseille Boulevard Saint-Germain;40241;6339687131;1/10/1971;Boulevard Saint-Germain;Marseille
171;333526;Manon;Bernard;Paris Avenue Montaigne;87310;5218479527;4/17/1973;Avenue Montaigne;Paris
172;743194;Jade;Richard;Paris Boulevard Saint-Germain;54994;1931040133;4/8/1976;Boulevard Saint-Germain;Paris
173;547343;Chloé;Simon;Paris Boulevard Saint-Germain;57056;4642956247;9/5/1998;Boulevard Saint-Germain;Paris
174;726960;Chloé;Robert;Marseille Rue des Martyrs;45506;8338339601;8/24/1979;Rue des Martyrs;Marseille
175;161110;Arthur;Martin;Strasbourg Rue des Martyrs;26475;623947935;11/29/1976;Rue des Martyrs;Strasbourg
176;341862;Inès;Durand;Lyon Rue de Rivoli;8777;8804799641;6/1/1997;Rue de Rivoli;Lyon
177;600983;Arthur;Moreau;Nice Rue de la République;38519;8602788266;1/16/1973;Rue de la République;Nice
178;915533;Hugo;Petit;Nice Avenue des Champs-Élysées;62687;919217400;2/14/1971;Avenue des Champs-Élysées;Nice
179;458951;Emma;Durand;Nice Rue de la République;28005;6110970808;3/12/1980;Rue de la République;Nice
180;452944;Chloé;Simon;Marseille Rue de Rivoli;2945;5005949135;2/16/1998;Rue de Rivoli;Marseille
181;991010;Hugo;Simon;Toulouse Avenue des Champs-Élysées;55771;8340211498;11/30/2005;Avenue des Champs-Élysées;Toulouse
182;371416;Lucas;Petit;Strasbourg Avenue Victor Hugo;69138;237108046;9/18/1994;Avenue Victor Hugo;Strasbourg
183;882389;Emma;Robert;Lyon Rue des Martyrs;55231;4964991792;8/14/1995;Rue des Martyrs;Lyon
184;275228;Nathan;Thomas;Nice Rue de la République;24193;1806455511;10/16/1978;Rue de la République;Nice
185;917423;Hugo;Richard;Lyon Boulevard Saint-Germain;32940;525257349;6/10/1982;Boulevard Saint-Germain;Lyon
186;653936;Chloé;Richard;Strasbourg Rue de la Paix;58518;4666927255;7/6/1997;Rue de la Paix;Strasbourg
187;316572;Léa;Petit;Nice Rue de la République;16839;9631964930;10/15/1993;Rue de la République;Nice
188;338240;Hugo;Bernard;Paris Boulevard Haussmann;99894;6522744767;7/10/1975;Boulevard Haussmann;Paris
189;509699;Chloé;Moreau;Lyon Rue de la Paix;82947;75024780;11/10/1976;Rue de la Paix;Lyon
190;466477;Hugo;Leroy;Toulouse Rue Lafayette;40184;3076870092;7/18/1990;Rue Lafayette;Toulouse
191;357892;Camille;Martin;Toulouse Avenue Montaigne;72274;427826470;9/13/2005;Avenue Montaigne;Toulouse
192;149419;Nathan;Durand;Marseille Rue Lafayette;26205;5649533504;11/15/1987;Rue Lafayette;Marseille
193;601580;Milo;Robert;Paris Boulevard Haussmann;73626;1699984395;2/18/1995;Boulevard Haussmann;Paris
194;594569;Emma;Richard;Lyon Avenue Victor Hugo;57984;194401243;2/21/1975;Avenue Victor Hugo;Lyon
195;253875;Gabriel;Durand;Nice Rue des Martyrs;73446;2494240190;7/7/1987;Rue des Martyrs;Nice
196;910246;Lucas;Bernard;Nice Rue de la Paix;55440;7997398228;12/15/1986;Rue de la Paix;Nice
197;458759;Manon;Thomas;Strasbourg Rue des Martyrs;53549;9046068031;5/11/1979;Rue des Martyrs;Strasbourg
198;643418;Nathan;Thomas;Toulouse Boulevard Saint-Germain;77426;6585806735;5/13/1982;Boulevard Saint-Germain;Toulouse
199;6095;Emma;Petit;Toulouse Avenue Montaigne;35512;6975603154;2/26/1982;Avenue Montaigne;Toulouse
200;459491;Chloé;Richard;Nice Rue de la Paix;10400;5405781010;3/5/1993;Rue de la Paix;Nice
201;599003;Hugo;Bernard;Paris Avenue des Champs-Élysées;62804;7841379501;8/27/1996;Avenue des Champs-Élysées;Paris
202;458951;Emma;Petit;Lyon Avenue des Champs-Élysées;15312;6177600085;4/2/1981;Avenue des Champs-Élysées;Lyon
203;851712;Lucas;Bernard;Nice Rue de la République;81673;7831752129;8/31/1985;Rue de la République;Nice
204;65551;Léa;Martin;Strasbourg Avenue Montaigne;98109;2249746796;7/13/2000;Avenue Montaigne;Strasbourg
205;145583;Léa;Simon;Strasbourg Boulevard Saint-Germain;46588;5213929923;12/1/1971;Boulevard Saint-Germain;Strasbourg
206;228068;Chloé;Petit;Strasbourg Rue de Rivoli;37046;4645208993;5/10/1972;Rue de Rivoli;Strasbourg
207;561978;Gabriel;Leroy;Strasbourg Avenue Victor Hugo;41312;9281293838;2/6/2005;Avenue Victor Hugo;Strasbourg
208;931946;Rose;Petit;Paris Rue de Rivoli;13182;6201946543;4/27/1976;Rue de Rivoli;Paris
209;261526;Hugo;Dubois;Strasbourg Avenue Montaigne;84229;2792683090;11/18/1997;Avenue Montaigne;Strasbourg
210;118819;Rose;Durand;Strasbourg Rue de Rivoli;75065;7914773786;11/18/1995;Rue de Rivoli;Strasbourg
211;105624;Inès;Dubois;Lyon Avenue Montaigne;30068;5017982671;12/23/1973;Avenue Montaigne;Lyon
212;902797;Léa;Richard;Nice Avenue Montaigne;89550;2634322658;7/9/1994;Avenue Montaigne;Nice
213;991010;Lucas;Leroy;Toulouse Avenue Victor Hugo;16488;548230153;2/18/1992;Avenue Victor Hugo;Toulouse
214;799454;Milo;Moreau;Paris Rue de la Paix;26985;5945662631;6/26/1994;Rue de la Paix;Paris
215;533135;Lucas;Martin;Paris Rue des Martyrs;65918;276879325;12/26/1988;Rue des Martyrs;Paris
216;81335;Arthur;Leroy;Lyon Rue de la République;5833;7568073874;5/31/1980;Rue de la République;Lyon
217;111957;Jade;Thomas;Marseille Rue de Rivoli;50319;5974324242;6/19/1989;Rue de Rivoli;Marseille
218;280437;Emma;Petit;Paris Rue des Martyrs;15062;9675505613;8/18/2000;Rue des Martyrs;Paris
219;255901;Rose;Thomas;Lyon Boulevard Saint-Germain;72524;697580271;5/27/1994;Boulevard Saint-Germain;Lyon
220;643418;Arthur;Leroy;Marseille Avenue des Champs-Élysées;61906;5331388280;8/4/1978;Avenue des Champs-Élysées;Marseille
221;724283;Hugo;Simon;Marseille Rue Lafayette;84925;8521903881;9/10/1982;Rue Lafayette;Marseille
222;391766;Lucas;Petit;Lyon Avenue Montaigne;36542;618544781;7/2/1973;Avenue Montaigne;Lyon
223;536307;Nathan;Martin;Lyon Rue de Rivoli;41403;6850173448;1/26/1991;Rue de Rivoli;Lyon
224;123501;Louis;Leroy;Lyon Avenue des Champs-Élysées;42142;4015925637;11/2/1996;Avenue des Champs-Élysées;Lyon
225;319856;Nathan;Durand;Lyon Rue de la République;18571;5460623553;1/8/1970;Rue de la République;Lyon
226;693367;Milo;Moreau;Marseille Avenue Montaigne;24124;2150894211;4/26/1989;Avenue Montaigne;Marseille
227;653936;Lucas;Moreau;Marseille Rue de la Paix;43152;1437897738;11/12/1999;Rue de la Paix;Marseille
228;498898;Emma;Simon;Marseille Rue de la Paix;91761;1705767699;9/14/1974;Rue de la Paix;Marseille
229;926928;Rose;Leroy;Nice Rue Lafayette;57647;9312827499;12/22/1999;Rue Lafayette;Nice
230;470720;Inès;Richard;Strasbourg Boulevard Saint-Germain;30251;7771616267;11/5/1999;Boulevard Saint-Germain;Strasbourg
231;849977;Milo;Moreau;Marseille Avenue Victor Hugo;79327;7191713372;3/27/2001;Avenue Victor Hugo;Marseille
232;383868;Manon;Dubois;Strasbourg Rue de Rivoli;66250;8180245713;10/31/1991;Rue de Rivoli;Strasbourg
233;336350;Milo;Simon;Marseille Rue de la Paix;49816;5587523896;9/15/1976;Rue de la Paix;Marseille
234;359322;Manon;Durand;Toulouse Rue des Martyrs;49495;4972891300;7/28/2005;Rue des Martyrs;Toulouse
235;567930;Léa;Dubois;Paris Rue de Rivoli;97248;8500570911;2/21/1975;Rue de Rivoli;Paris
236;686189;Milo;Durand;Paris Avenue Victor Hugo;14471;7760955219;5/14/1996;Avenue Victor Hugo;Paris
237;373913;Milo;Richard;Nice Avenue Victor Hugo;45298;3181151912;9/14/1998;Avenue Victor Hugo;Nice
238;21373;Jade;Moreau;Strasbourg Avenue Montaigne;82024;7285186376;7/4/2004;Avenue Montaigne;Strasbourg
239;758392;Emma;Thomas;Toulouse Avenue Victor Hugo;8343;6062746796;11/3/1984;Avenue Victor Hugo;Toulouse
240;678135;Léa;Moreau;Toulouse Rue des Martyrs;15535;977065601;2/12/1999;Rue des Martyrs;Toulouse
241;545497;Léa;Bernard;Paris Boulevard Saint-Germain;35862;1219473553;6/28/1985;Boulevard Saint-Germain;Paris
242;979207;Hugo;Simon;Marseille Rue de Rivoli;31499;649868080;2/28/1971;Rue de Rivoli;Marseille
243;907062;Manon;Moreau;Paris Avenue Montaigne;52529;7899777275;7/7/1996;Avenue Montaigne;Paris
244;983538;Léa;Leroy;Lyon Avenue Montaigne;44781;8654437278;9/25/1989;Avenue Montaigne;Lyon
245;872142;Manon;Bernard;Strasbourg Rue de Rivoli;90949;7473796143;4/21/1981;Rue de Rivoli;Strasbourg
246;558491;Louis;Bernard;Paris Avenue des Champs-Élysées;63315;8748184470;12/20/1971;Avenue des Champs-Élysées;Paris
247;902911;Nathan;Martin;Toulouse Avenue des Champs-Élysées;99657;1544130708;7/10/1997;Avenue des Champs-Élysées;Toulouse
248;599003;Rose;Durand;Toulouse Rue des Martyrs;80528;1817857525;8/3/1998;Rue des Martyrs;Toulouse
249;686189;Manon;Thomas;Nice Rue de Rivoli;80526;6726677871;8/23/1986;Rue de Rivoli;Nice
250;796046;Arthur;Moreau;Nice Rue de la République;79393;6359238608;9/12/1999;Rue de la République;Nice
251;923363;Hugo;Simon;Marseille Rue de la République;48071;2523074710;9/24/1996;Rue de la République;Marseille
252;320229;Lucas;Moreau;Paris Rue de la République;60143;2914688415;12/15/2003;Rue de la République;Paris
253;856199;Camille;Dubois;Paris Rue de la République;97754;1843558548;4/30/2003;Rue de la République;Paris
254;418609;Rose;Martin;Lyon Avenue des Champs-Élysées;9800;6187115368;12/17/1986;Avenue des Champs-Élysées;Lyon
255;649896;Arthur;Leroy;Nice Avenue Victor Hugo;88128;5258771199;7/29/1997;Avenue Victor Hugo;Nice
256;346913;Rose;Durand;Lyon Rue des Martyrs;71302;3591546402;8/31/1983;Rue des Martyrs;Lyon
257;392532;Chloé;Bernard;Toulouse Rue des Martyrs;27646;7313173415;8/16/1993;Rue des Martyrs;Toulouse
258;341862;Lucas;Dubois;Strasbourg Rue de Rivoli;96688;5715708729;7/3/1990;Rue de Rivoli;Strasbourg
259;347992;Rose;Leroy;Nice Avenue des Champs-Élysées;69159;2025220723;10/12/2004;Avenue des Champs-Élysées;Nice
260;290708;Gabriel;Richard;Marseille Rue des Martyrs;25871;6108515521;1/16/1979;Rue des Martyrs;Marseille
261;908827;Emma;Richard;Paris Avenue Montaigne;88949;2515906184;8/9/1972;Avenue Montaigne;Paris
262;199807;Gabriel;Durand;Strasbourg Rue de Rivoli;18054;7526424350;8/23/1992;Rue de Rivoli;Strasbourg
263;736826;Hugo;Dubois;Toulouse Avenue Montaigne;10279;7661482150;7/24/1980;Avenue Montaigne;Toulouse
264;333526;Manon;Robert;Lyon Avenue Victor Hugo;78700;2349793931;3/11/2004;Avenue Victor Hugo;Lyon
265;684222;Rose;Moreau;Paris Boulevard Saint-Germain;81232;1135446377;6/27/1986;Boulevard Saint-Germain;Paris
266;849911;Rose;Martin;Nice Rue des Martyrs;63824;7076334445;10/25/1980;Rue des Martyrs;Nice
267;755209;Arthur;Petit;Lyon Avenue Montaigne;90416;8892081241;11/23/1972;Avenue Montaigne;Lyon
268;912642;Camille;Petit;Marseille Boulevard Saint-Germain;55732;8293309415;7/6/1971;Boulevard Saint-Germain;Marseille
269;228068;Arthur;Moreau;Paris Rue Lafayette;57156;8278212805;4/10/1970;Rue Lafayette;Paris
270;394028;Lucas;Bernard;Lyon Avenue Montaigne;44846;4241887848;3/20/1975;Avenue Montaigne;Lyon
271;173922;Milo;Leroy;Marseille Boulevard Saint-Germain;1924;8407061484;7/31/1974;Boulevard Saint-Germain;Marseille
272;356431;Jade;Dubois;Lyon Rue de la Paix;73837;5242517263;3/2/1977;Rue de la Paix;Lyon
273;338633;Manon;Thomas;Toulouse Rue de Rivoli;90433;836186834;9/23/1982;Rue de Rivoli;Toulouse
274;92494;Emma;Durand;Strasbourg Avenue Victor Hugo;99925;4759658319;4/16/1987;Avenue Victor Hugo;Strasbourg
275;518767;Nathan;Thomas;Strasbourg Rue de la Paix;85654;3699006379;5/30/2001;Rue de la Paix;Strasbourg
276;228068;Jade;Dubois;Toulouse Rue des Martyrs;90400;7192139671;11/15/1999;Rue des Martyrs;Toulouse
277;536307;Gabriel;Petit;Paris Rue de Rivoli;63289;1419328034;11/29/1994;Rue de Rivoli;Paris
278;266475;Milo;Petit;Nice Rue de la République;10154;3323357604;10/31/1997;Rue de la République;Nice
279;749493;Milo;Bernard;Marseille Avenue des Champs-Élysées;30466;838727689;2/20/1970;Avenue des Champs-Élysées;Marseille
280;74900;Manon;Richard;Lyon Boulevard Haussmann;86059;1588563405;4/19/1993;Boulevard Haussmann;Lyon
281;148722;Inès;Bernard;Paris Rue des Martyrs;63501;4460353628;12/30/1979;Rue des Martyrs;Paris
282;411781;Emma;Thomas;Marseille Avenue Montaigne;76645;499659392;9/27/1972;Avenue Montaigne;Marseille
283;726960;Nathan;Dubois;Marseille Boulevard Haussmann;42350;7273078301;3/16/1972;Boulevard Haussmann;Marseille
284;161110;Milo;Bernard;Strasbourg Avenue Montaigne;75152;7508943546;1/23/1993;Avenue Montaigne;Strasbourg
285;320229;Louis;Bernard;Paris Rue des Martyrs;64834;7820743794;7/12/1980;Rue des Martyrs;Paris
286;105624;Louis;Petit;Lyon Rue de la Paix;36810;6506894342;9/10/1983;Rue de la Paix;Lyon
287;796888;Lucas;Richard;Lyon Boulevard Haussmann;21876;1033957186;11/4/1996;Boulevard Haussmann;Lyon
288;821113;Manon;Bernard;Paris Rue des Martyrs;46978;8247900300;6/24/2000;Rue des Martyrs;Paris
289;907062;Milo;Dubois;Paris Avenue Victor Hugo;88049;6813325159;11/3/1996;Avenue Victor Hugo;Paris
290;782030;Arthur;Moreau;Toulouse Avenue Montaigne;93250;8437544191;7/11/2003;Avenue Montaigne;Toulouse
291;347992;Arthur;Petit;Lyon Avenue Montaigne;51079;2697675175;9/30/1996;Avenue Montaigne;Lyon
292;479134;Emma;Moreau;Paris Rue de la République;83927;5280937861;10/26/2002;Rue de la République;Paris
293;302218;Inès;Richard;Nice Rue de la Paix;82248;2529676291;9/21/1995;Rue de la Paix;Nice
294;89670;Arthur;Thomas;Lyon Boulevard Saint-Germain;68435;9913117704;11/24/1978;Boulevard Saint-Germain;Lyon
295;426204;Léa;Martin;Toulouse Avenue Montaigne;79294;3279721555;3/22/1973;Avenue Montaigne;Toulouse
296;718208;Manon;Bernard;Marseille Avenue Montaigne;27024;5109604894;3/14/1985;Avenue Montaigne;Marseille
297;648312;Chloé;Thomas;Toulouse Rue des Martyrs;71885;4007398372;1/29/1985;Rue des Martyrs;Toulouse
298;815891;Léa;Martin;Strasbourg Rue des Martyrs;22954;560389493;8/2/1998;Rue des Martyrs;Strasbourg
299;140948;Emma;Richard;Marseille Boulevard Saint-Germain;62157;7897730301;3/3/1999;Boulevard Saint-Germain;Marseille
300;991010;Jade;Richard;Lyon Rue de la République;29586;5645416971;2/6/1999;Rue de la République;Lyon
301;516686;Chloé;Bernard;Lyon Avenue Montaigne;34133;9951045278;11/15/2005;Avenue Montaigne;Lyon
302;493152;Louis;Richard;Marseille Rue Lafayette;24218;8823622263;4/9/1974;Rue Lafayette;Marseille
303;220565;Louis;Moreau;Nice Avenue des Champs-Élysées;8943;7868653329;12/20/2001;Avenue des Champs-Élysées;Nice
304;943;Louis;Richard;Marseille Rue de Rivoli;35190;638298415;5/3/2002;Rue de Rivoli;Marseille
305;782377;Camille;Dubois;Marseille Boulevard Haussmann;40344;1277951918;7/11/1978;Boulevard Haussmann;Marseille
306;424202;Milo;Simon;Strasbourg Boulevard Haussmann;94159;6803593703;9/2/2005;Boulevard Haussmann;Strasbourg
307;592635;Arthur;Robert;Nice Rue de la République;65654;814678815;12/10/1982;Rue de la République;Nice
308;726960;Gabriel;Durand;Toulouse Avenue Montaigne;52826;3608723341;11/7/1993;Avenue Montaigne;Toulouse
309;232715;Léa;Dubois;Strasbourg Rue de la Paix;71945;5240780560;11/14/1992;Rue de la Paix;Strasbourg
310;418609;Hugo;Petit;Marseille Avenue des Champs-Élysées;43298;1661865259;10/16/2001;Avenue des Champs-Élysées;Marseille
311;961129;Arthur;Dubois;Lyon Boulevard Haussmann;29813;6815206475;9/30/2000;Boulevard Haussmann;Lyon
312;369109;Lucas;Richard;Lyon Boulevard Haussmann;9058;7709149693;12/13/1988;Boulevard Haussmann;Lyon
313;982559;Lucas;Bernard;Toulouse Rue Lafayette;76137;9318160615;5/10/2000;Rue Lafayette;Toulouse
314;254203;Nathan;Leroy;Marseille Avenue Victor Hugo;76517;4755449286;10/4/1999;Avenue Victor Hugo;Marseille
315;20002;Chloé;Dubois;Lyon Avenue Victor Hugo;54699;4770195249;10/26/1970;Avenue Victor Hugo;Lyon
316;572116;Arthur;Durand;Toulouse Boulevard Haussmann;3303;129587540;2/2/1970;Boulevard Haussmann;Toulouse
317;822305;Milo;Durand;Toulouse Boulevard Saint-Germain;23806;1103698257;8/11/1979;Boulevard Saint-Germain;Toulouse
318;567930;Emma;Martin;Marseille Avenue Montaigne;74521;7992257154;1/18/1996;Avenue Montaigne;Marseille
319;926535;Jade;Bernard;Nice Rue Lafayette;26049;6156032762;11/4/1979;Rue Lafayette;Nice
320;242503;Arthur;Durand;Toulouse Rue des Martyrs;32702;6069106784;3/17/1988;Rue des Martyrs;Toulouse
321;414975;Léa;Durand;Toulouse Boulevard Haussmann;44134;9002760434;12/28/1977;Boulevard Haussmann;Toulouse
322;476962;Rose;Leroy;Marseille Rue de la Paix;81830;6635238972;2/1/1986;Rue de la Paix;Marseille
323;100865;Inès;Moreau;Lyon Rue Lafayette;99044;9125911856;12/28/1997;Rue Lafayette;Lyon
324;625496;Rose;Petit;Lyon Rue des Martyrs;23439;111456258;4/19/1994;Rue des Martyrs;Lyon
325;11035;Chloé;Bernard;Nice Rue de Rivoli;49331;6722968065;2/1/1982;Rue de Rivoli;Nice
326;272618;Inès;Petit;Nice Avenue des Champs-Élysées;49116;6117115814;8/4/1982;Avenue des Champs-Élysées;Nice
327;782030;Chloé;Simon;Lyon Avenue des Champs-Élysées;16442;8985408550;9/30/1992;Avenue des Champs-Élysées;Lyon
328;411781;Hugo;Simon;Paris Rue de la Paix;76186;8858276698;9/20/1995;Rue de la Paix;Paris
329;117368;Rose;Dubois;Nice Rue de la Paix;93196;3835468634;4/9/1970;Rue de la Paix;Nice
330;398303;Hugo;Dubois;Marseille Rue Lafayette;9721;6341521952;4/4/1996;Rue Lafayette;Marseille
331;439523;Léa;Bernard;Toulouse Rue de Rivoli;23810;2126436705;2/7/1971;Rue de Rivoli;Toulouse
332;251659;Milo;Bernard;Marseille Avenue Montaigne;63504;2842813545;3/14/1987;Avenue Montaigne;Marseille
333;724328;Louis;Richard;Toulouse Rue Lafayette;90161;8007821694;10/12/1982;Rue Lafayette;Toulouse
334;594569;Nathan;Leroy;Marseille Boulevard Saint-Germain;56286;6181829180;11/23/1984;Boulevard Saint-Germain;Marseille
335;650854;Rose;Robert;Paris Rue de la République;81414;7936279067;9/27/1987;Rue de la République;Paris
336;302218;Emma;Moreau;Paris Rue de la Paix;63438;4601969492;4/2/1976;Rue de la Paix;Paris
337;625496;Nathan;Petit;Lyon Rue Lafayette;23296;2510342185;1/14/1990;Rue Lafayette;Lyon
338;606136;Emma;Petit;Strasbourg Avenue des Champs-Élysées;85895;3803242606;5/21/1975;Avenue des Champs-Élysées;Strasbourg
339;923363;Emma;Bernard;Paris Rue des Martyrs;63439;9034754189;8/19/1989;Rue des Martyrs;Paris
340;908827;Jade;Simon;Marseille Avenue Victor Hugo;13126;8685597994;11/3/1993;Avenue Victor Hugo;Marseille
341;153807;Gabriel;Bernard;Strasbourg Boulevard Haussmann;48342;5358012435;3/21/1998;Boulevard Haussmann;Strasbourg
342;643418;Arthur;Leroy;Strasbourg Avenue Victor Hugo;33067;4384036639;10/29/1986;Avenue Victor Hugo;Strasbourg
343;654353;Inès;Moreau;Toulouse Avenue des Champs-Élysées;88675;7476431626;6/3/1973;Avenue des Champs-Élysées;Toulouse
344;144829;Hugo;Leroy;Paris Rue des Martyrs;55160;7101548571;7/26/1998;Rue des Martyrs;Paris
345;36032;Chloé;Bernard;Marseille Avenue Victor Hugo;93921;9313626101;2/28/1982;Avenue Victor Hugo;Marseille
346;20293;Arthur;Durand;Marseille Rue des Martyrs;19584;9612264661;4/21/1971;Rue des Martyrs;Marseille
347;572116;Milo;Leroy;Nice Rue des Martyrs;54544;1578457254;12/5/1998;Rue des Martyrs;Nice
348;144829;Chloé;Simon;Paris Rue de Rivoli;60134;2316663001;6/21/1996;Rue de Rivoli;Paris
349;591353;Milo;Petit;Lyon Rue de Rivoli;40784;3131798491;6/27/1970;Rue de Rivoli;Lyon
350;302218;Camille;Petit;Strasbourg Rue de Rivoli;6025;4764718561;5/30/1974;Rue de Rivoli;Strasbourg
351;921529;Louis;Martin;Lyon Rue de la République;59365;3665004284;2/5/1988;Rue de la République;Lyon
352;917423;Hugo;Dubois;Strasbourg Avenue des Champs-Élysées;1259;6944126621;3/23/1988;Avenue des Champs-Élysées;Strasbourg
353;995205;Léa;Dubois;Lyon Rue de Rivoli;46441;8396510717;2/15/2001;Rue de Rivoli;Lyon
354;621278;Manon;Leroy;Paris Rue de la Paix;42273;3017266192;7/19/1976;Rue de la Paix;Paris
355;601478;Chloé;Petit;Marseille Rue de la Paix;91229;5466487910;7/5/2002;Rue de la Paix;Marseille
356;185868;Manon;Simon;Strasbourg Boulevard Saint-Germain;6810;3568765861;1/21/1981;Boulevard Saint-Germain;Strasbourg
357;915555;Arthur;Leroy;Strasbourg Rue de Rivoli;68621;5992225064;7/18/1986;Rue de Rivoli;Strasbourg
358;738716;Rose;Bernard;Marseille Rue de la Paix;64977;5170805391;8/20/1991;Rue de la Paix;Marseille
359;877596;Milo;Bernard;Nice Avenue Montaigne;66774;7336525628;5/18/1971;Avenue Montaigne;Nice
360;259354;Chloé;Moreau;Paris Rue de la République;1935;560433174;8/5/1980;Rue de la République;Paris
361;463351;Milo;Moreau;Lyon Rue de Rivoli;18840;5589405386;9/7/1987;Rue de Rivoli;Lyon
362;995205;Inès;Moreau;Nice Avenue des Champs-Élysées;99337;1822772230;5/5/1985;Avenue des Champs-Élysées;Nice
363;718208;Louis;Martin;Paris Rue de la Paix;5592;6137794474;7/7/2001;Rue de la Paix;Paris
364;225830;Léa;Dubois;Lyon Rue Lafayette;59446;8529126904;1/1/1976;Rue Lafayette;Lyon
365;373913;Hugo;Bernard;Nice Avenue des Champs-Élysées;89031;1961322234;2/20/2000;Avenue des Champs-Élysées;Nice
366;915555;Chloé;Richard;Strasbourg Boulevard Haussmann;87118;7350564937;4/6/1983;Boulevard Haussmann;Strasbourg
367;486895;Nathan;Petit;Marseille Rue de Rivoli;72429;1074730526;8/17/1980;Rue de Rivoli;Marseille
368;489157;Nathan;Richard;Lyon Avenue Victor Hugo;752;4074169606;6/6/1988;Avenue Victor Hugo;Lyon
369;740663;Rose;Richard;Lyon Avenue Montaigne;32632;9378532985;12/20/1983;Avenue Montaigne;Lyon
370;225830;Nathan;Durand;Strasbourg Rue de la Paix;22888;1131395611;8/15/1978;Rue de la Paix;Strasbourg
371;89670;Camille;Martin;Toulouse Avenue des Champs-Élysées;47981;6642707079;7/23/1985;Avenue des Champs-Élysées;Toulouse
372;839752;Léa;Leroy;Paris Rue de la République;24343;9338060111;11/22/2005;Rue de la République;Paris
373;498898;Inès;Leroy;Marseille Rue des Martyrs;480;7180836761;10/29/1981;Rue des Martyrs;Marseille
374;290708;Hugo;Dubois;Strasbourg Boulevard Haussmann;20520;4093450684;6/9/1989;Boulevard Haussmann;Strasbourg
375;591353;Emma;Petit;Marseille Rue de la Paix;15894;3956485211;8/7/1975;Rue de la Paix;Marseille
376;558491;Hugo;Martin;Toulouse Boulevard Saint-Germain;80;2327089077;8/5/1987;Boulevard Saint-Germain;Toulouse
377;991010;Inès;Thomas;Lyon Avenue Victor Hugo;45604;2555221948;3/29/1996;Avenue Victor Hugo;Lyon
378;398303;Léa;Durand;Paris Rue de Rivoli;97963;6332169362;9/8/1989;Rue de Rivoli;Paris
379;53176;Rose;Simon;Paris Rue Lafayette;4226;5218453358;10/5/1981;Rue Lafayette;Paris
380;822305;Hugo;Richard;Paris Rue des Martyrs;18054;2126587551;4/28/1998;Rue des Martyrs;Paris
381;;Jade;Simon;Paris Avenue Montaigne;95204;80689736;11/29/2004;Avenue Montaigne;Paris
382;;Léa;Durand;Strasbourg Boulevard Saint-Germain;43609;3988880876;3/14/2002;Boulevard Saint-Germain;Strasbourg
383;;Jade;Leroy;Marseille Boulevard Haussmann;60894;9541455621;12/18/1988;Boulevard Haussmann;Marseille
384;;Lucas;Dubois;Paris Rue Lafayette;30167;2857652305;12/12/1974;Rue Lafayette;Paris
385;;Camille;Durand;Strasbourg Boulevard Haussmann;89974;7760942869;12/22/1991;Boulevard Haussmann;Strasbourg
386;;Emma;Bernard;Lyon Avenue des Champs-Élysées;66402;6778328983;6/16/1979;Avenue des Champs-Élysées;Lyon
387;;Hugo;Petit;Paris Avenue Victor Hugo;54133;1319737552;7/13/1982;Avenue Victor Hugo;Paris
388;;Inès;Dubois;Toulouse Boulevard Haussmann;28477;8877287519;5/20/1994;Boulevard Haussmann;Toulouse
389;;Milo;Robert;Lyon Boulevard Haussmann;31044;5720994580;4/28/1972;Boulevard Haussmann;Lyon
390;;Léa;Martin;Toulouse Boulevard Saint-Germain;67166;4427731198;10/2/1973;Boulevard Saint-Germain;Toulouse
391;;Gabriel;Moreau;Nice Boulevard Saint-Germain;20234;978212983;6/9/1982;Boulevard Saint-Germain;Nice
392;;Nathan;Dubois;Toulouse Boulevard Haussmann;22931;2852781662;5/29/1970;Boulevard Haussmann;Toulouse
393;;Manon;Dubois;Strasbourg Rue de Rivoli;44648;1940558735;12/29/2002;Rue de Rivoli;Strasbourg
394;;Gabriel;Dubois;Strasbourg Rue Lafayette;26579;6356840765;10/28/2003;Rue Lafayette;Strasbourg
395;;Hugo;Durand;Paris Rue des Martyrs;97483;645227781;1/15/1985;Rue des Martyrs;Paris
396;;Manon;Richard;Marseille Avenue Victor Hugo;94654;5623685821;4/4/2000;Avenue Victor Hugo;Marseille
397;;Emma;Martin;Toulouse Avenue Montaigne;97551;5896941889;4/18/1978;Avenue Montaigne;Toulouse
398;;Hugo;Leroy;Marseille Rue Lafayette;68594;3936426570;11/23/1995;Rue Lafayette;Marseille
399;;Manon;Thomas;Toulouse Rue de la Paix;18239;6860629916;8/9/1981;Rue de la Paix;Toulouse
400;;Milo;Thomas;Toulouse Rue de la République;49030;7664017866;12/3/1983;Rue de la République;Toulouse
401;567930;Inès;Robert;Paris Avenue Montaigne;63764;3335243943;6/3/1991;Avenue Montaigne;Paris
402;263731;Chloé;Dubois;Lyon Boulevard Saint-Germain;14442;6527701543;6/7/2001;Boulevard Saint-Germain;Lyon
403;185969;Milo;Martin;Strasbourg Rue Lafayette;32266;1702995437;12/14/1998;Rue Lafayette;Strasbourg
404;962490;Hugo;Martin;Paris Avenue des Champs-Élysées;41140;2277420638;3/1/1975;Avenue des Champs-Élysées;Paris
405;439477;Emma;Robert;Paris Avenue Montaigne;11364;6078277294;10/20/1997;Avenue Montaigne;Paris
406;915555;Gabriel;Robert;Marseille Rue des Martyrs;67465;2257979753;1/7/2005;Rue des Martyrs;Marseille
407;422019;Jade;Leroy;Nice Rue de Rivoli;71155;1664616421;7/17/1988;Rue de Rivoli;Nice
408;777821;Jade;Thomas;Strasbourg Avenue Montaigne;974;9903736533;5/22/1987;Avenue Montaigne;Strasbourg
409;407023;Gabriel;Leroy;Strasbourg Boulevard Haussmann;39568;4673680898;4/15/1983;Boulevard Haussmann;Strasbourg
410;770330;Milo;Leroy;Strasbourg Boulevard Saint-Germain;40421;4224708061;6/21/1977;Boulevard Saint-Germain;Strasbourg
411;388054;Nathan;Robert;Paris Rue des Martyrs;12942;4128503142;7/11/1988;Rue des Martyrs;Paris
412;637534;Emma;Robert;Lyon Rue des Martyrs;69413;9312250175;9/21/1979;Rue des Martyrs;Lyon
413;225830;Lucas;Thomas;Marseille Rue de la Paix;31487;9549349454;7/25/1982;Rue de la Paix;Marseille
414;877596;Gabriel;Dubois;Nice Rue de la République;30848;2565691580;1/25/1994;Rue de la République;Nice
415;869418;Camille;Moreau;Marseille Avenue Victor Hugo;40788;753262983;2/22/2002;Avenue Victor Hugo;Marseille
416;849977;Léa;Thomas;Toulouse Boulevard Haussmann;89366;349709084;5/17/2002;Boulevard Haussmann;Toulouse
417;969082;Manon;Robert;Marseille Avenue Victor Hugo;58429;9414895965;6/1/1984;Avenue Victor Hugo;Marseille
418;467940;Louis;Robert;Toulouse Avenue Victor Hugo;19002;906980445;7/10/1995;Avenue Victor Hugo;Toulouse
419;8424;Inès;Leroy;Strasbourg Boulevard Saint-Germain;20054;4320183576;5/27/1971;Boulevard Saint-Germain;Strasbourg
420;219484;Louis;Thomas;Nice Rue de la Paix;68363;3107449970;11/28/1989;Rue de la Paix;Nice
421;905532;Hugo;Leroy;Paris Boulevard Saint-Germain;78501;5585584421;10/19/1989;Boulevard Saint-Germain;Paris
422;286523;Chloé;Durand;Strasbourg Boulevard Haussmann;10194;8854960535;10/26/1985;Boulevard Haussmann;Strasbourg
423;259354;Camille;Dubois;Lyon Avenue des Champs-Élysées;22961;5383414894;4/16/1999;Avenue des Champs-Élysées;Lyon
424;931946;Jade;Petit;Nice Rue de Rivoli;88499;4376030988;11/23/1994;Rue de Rivoli;Nice
425;423302;Milo;Dubois;Marseille Avenue Victor Hugo;93606;9716203276;3/10/2005;Avenue Victor Hugo;Marseille
426;626431;Nathan;Simon;Strasbourg Avenue des Champs-Élysées;28415;320025268;6/1/2000;Avenue des Champs-Élysées;Strasbourg
427;767774;Emma;Thomas;Toulouse Rue des Martyrs;73903;2985805661;6/22/1975;Rue des Martyrs;Toulouse
428;41443;Lucas;Richard;Strasbourg Rue des Martyrs;47854;8494045512;8/5/1991;Rue des Martyrs;Strasbourg
429;627072;Nathan;Durand;Paris Rue de la Paix;78725;6190455182;2/26/2001;Rue de la Paix;Paris
430;402657;Léa;Thomas;Nice Avenue Montaigne;38942;2751940854;4/10/1976;Avenue Montaigne;Nice
431;407023;Emma;Leroy;Lyon Rue de la Paix;41345;1349647500;4/7/1992;Rue de la Paix;Lyon
432;338240;Manon;Simon;Nice Rue de Rivoli;30674;2582907911;6/18/1998;Rue de Rivoli;Nice
433;173922;Camille;Durand;Strasbourg Boulevard Saint-Germain;85754;8892339214;1/23/1986;Boulevard Saint-Germain;Strasbourg
434;69960;Rose;Petit;Paris Avenue des Champs-Élysées;7675;1435782658;6/22/1988;Avenue des Champs-Élysées;Paris
435;516686;Chloé;Richard;Nice Boulevard Haussmann;33581;449201155;3/29/1975;Boulevard Haussmann;Nice
436;242121;Léa;Robert;Lyon Boulevard Haussmann;50954;1304504638;11/4/1999;Boulevard Haussmann;Lyon
437;654353;Chloé;Leroy;Strasbourg Boulevard Haussmann;47159;8502533088;8/9/1975;Boulevard Haussmann;Strasbourg
438;142591;Nathan;Durand;Paris Avenue des Champs-Élysées;69106;4242137885;4/22/1978;Avenue des Champs-Élysées;Paris
439;724328;Lucas;Moreau;Marseille Rue de Rivoli;84596;7242964131;3/23/1973;Rue de Rivoli;Marseille
440;574680;Léa;Leroy;Lyon Rue des Martyrs;86895;8989715075;10/23/1985;Rue des Martyrs;Lyon
441;905532;Louis;Moreau;Marseille Rue de la République;80246;5662460892;12/20/1985;Rue de la République;Marseille
442;213994;Rose;Bernard;Lyon Boulevard Haussmann;88679;3457020558;1/21/1980;Boulevard Haussmann;Lyon
443;591353;Léa;Leroy;Paris Boulevard Saint-Germain;95780;7271678190;1/18/2002;Boulevard Saint-Germain;Paris
444;724283;Arthur;Thomas;Lyon Rue Lafayette;15546;7451880451;11/24/2000;Rue Lafayette;Lyon
445;500094;Gabriel;Robert;Paris Avenue Victor Hugo;25053;4575875902;9/10/2002;Avenue Victor Hugo;Paris
446;276982;Lucas;Petit;Strasbourg Avenue Montaigne;75804;5670886526;12/7/1989;Avenue Montaigne;Strasbourg
447;153807;Lucas;Leroy;Lyon Avenue Montaigne;33208;6352511015;5/13/1986;Avenue Montaigne;Lyon
448;648312;Emma;Bernard;Paris Avenue Victor Hugo;35020;1290284784;1/5/1978;Avenue Victor Hugo;Paris
449;274711;Arthur;Leroy;Nice Rue de la République;56502;1464847886;4/10/2004;Rue de la République;Nice
450;51613;Hugo;Durand;Marseille Rue des Martyrs;45057;1268370851;3/5/1996;Rue des Martyrs;Marseille
451;728355;Lucas;Thomas;Lyon Avenue Montaigne;44319;7767779548;6/15/1990;Avenue Montaigne;Lyon
452;164708;Louis;Martin;Toulouse Avenue des Champs-Élysées;74029;9397585959;2/5/2005;Avenue des Champs-Élysées;Toulouse
453;407023;Nathan;Leroy;Lyon Rue de la République;30455;8549765481;4/25/1982;Rue de la République;Lyon
454;36032;Manon;Durand;Marseille Rue de la République;25207;7457746171;8/4/1997;Rue de la République;Marseille
455;520568;Lucas;Dubois;Nice Rue Lafayette;98724;2999398263;11/15/1999;Rue Lafayette;Nice
456;103554;Inès;Petit;Nice Boulevard Saint-Germain;35059;5303268225;8/7/1977;Boulevard Saint-Germain;Nice
457;468873;Gabriel;Moreau;Lyon Avenue des Champs-Élysées;96517;9440731451;9/7/1990;Avenue des Champs-Élysées;Lyon
458;305750;Chloé;Robert;Nice Boulevard Haussmann;17287;894425757;6/7/1970;Boulevard Haussmann;Nice
459;302218;Lucas;Robert;Toulouse Boulevard Saint-Germain;2837;971275076;6/16/1982;Boulevard Saint-Germain;Toulouse
460;422019;Milo;Bernard;Marseille Avenue des Champs-Élysées;3615;5869669812;6/9/1989;Avenue des Champs-Élysées;Marseille
461;210;Chloé;Leroy;Nice Rue Lafayette;36631;1427892857;3/15/1976;Rue Lafayette;Nice
462;996;Inès;Moreau;Nice Boulevard Saint-Germain;46727;5835309821;10/4/1978;Boulevard Saint-Germain;Nice
463;620;Léa;Bernard;Nice Boulevard Saint-Germain;26608;184768421;5/18/1972;Boulevard Saint-Germain;Nice
464;672;Louis;Dubois;Marseille Rue Lafayette;3780;1525499904;9/17/1973;Rue Lafayette;Marseille
465;499;Nathan;Richard;Nice Rue Lafayette;32618;9197949426;2/19/1981;Rue Lafayette;Nice
466;660;Lucas;Petit;Paris Avenue Victor Hugo;86107;4773472766;7/17/1991;Avenue Victor Hugo;Paris
467;747;Emma;Moreau;Strasbourg Rue de Rivoli;29896;5129182588;12/7/2002;Rue de Rivoli;Strasbourg
468;769;Nathan;Martin;Strasbourg Rue de la Paix;35341;6847724102;5/10/2002;Rue de la Paix;Strasbourg
469;135;Léa;Dubois;Paris Boulevard Saint-Germain;43815;9910364107;7/7/2001;Boulevard Saint-Germain;Paris
470;871;Gabriel;Richard;Nice Rue de la Paix;82238;771775229;4/11/1995;Rue de la Paix;Nice
471;570;Léa;Thomas;Marseille Rue Lafayette;86493;1337414786;4/9/1986;Rue Lafayette;Marseille
472;797;Gabriel;Martin;Toulouse Rue Lafayette;28274;5650385327;12/12/1988;Rue Lafayette;Toulouse
473;986;Arthur;Moreau;Marseille Avenue Montaigne;67379;4719110665;9/16/1978;Avenue Montaigne;Marseille
474;401;Emma;Dubois;Strasbourg Rue de Rivoli;89402;8368341531;4/21/1974;Rue de Rivoli;Strasbourg
475;653;Camille;Leroy;Strasbourg Rue des Martyrs;29888;408897791;8/24/1971;Rue des Martyrs;Strasbourg
476;257;Chloé;Martin;Nice Rue de la Paix;27581;6815263169;5/3/1970;Rue de la Paix;Nice
477;679;Inès;Moreau;Paris Rue des Martyrs;88131;8383817967;6/3/1972;Rue des Martyrs;Paris
478;248;Inès;Durand;Toulouse Rue de Rivoli;83996;8235771225;5/27/1986;Rue de Rivoli;Toulouse
479;938;Camille;Bernard;Marseille Avenue des Champs-Élysées;53233;1466701031;12/22/1989;Avenue des Champs-Élysées;Marseille
480;975;Léa;Robert;Paris Rue des Martyrs;43934;7359983606;9/26/1999;Rue des Martyrs;Paris
481;857404;Manon;Moreau;Marseille Avenue des Champs-Élysées;78385;367970791;3/20/2004;Avenue des Champs-Élysées;Marseille
482;770903;Nathan;Moreau;Nice Rue Lafayette;15161;5234144402;6/7/2005;Rue Lafayette;Nice
483;243346;Inès;Richard;Strasbourg Rue de la Paix;75637;8693714465;4/11/1991;Rue de la Paix;Strasbourg
484;439523;Lucas;Moreau;Paris Avenue des Champs-Élysées;19292;2966715618;6/17/1983;Avenue des Champs-Élysées;Paris
485;902911;Arthur;Martin;Toulouse Rue des Martyrs;13207;2787683266;12/29/1984;Rue des Martyrs;Toulouse
486;316572;Emma;Petit;Nice Rue de la Paix;9307;4020985669;2/1/1984;Rue de la Paix;Nice
487;142995;Hugo;Dubois;Lyon Boulevard Saint-Germain;38457;450026345;9/29/1996;Boulevard Saint-Germain;Lyon
488;167790;Lucas;Thomas;Lyon Rue des Martyrs;69666;1198657723;5/29/1993;Rue des Martyrs;Lyon
489;756671;Lucas;Simon;Marseille Avenue Montaigne;30441;5283751813;10/25/2002;Avenue Montaigne;Marseille
490;279974;Hugo;Petit;Strasbourg Boulevard Haussmann;46063;3030896838;6/21/1994;Boulevard Haussmann;Strasbourg
491;405920;Chloé;Moreau;Marseille Rue de la République;16377;865984816;11/25/1971;Rue de la République;Marseille
492;765918;Rose;Moreau;Marseille Avenue Victor Hugo;74706;2207373576;1/29/1979;Avenue Victor Hugo;Marseille
493;220565;Hugo;Moreau;Lyon Avenue des Champs-Élysées;94967;6434809832;8/12/1992;Avenue des Champs-Élysées;Lyon
494;676447;Manon;Petit;Paris Avenue Victor Hugo;46586;2423475101;1/19/1993;Avenue Victor Hugo;Paris
495;347992;Léa;Simon;Nice Boulevard Haussmann;32193;2484267983;8/11/1998;Boulevard Haussmann;Nice
496;649896;Louis;Durand;Marseille Avenue Victor Hugo;71728;906675863;9/15/1971;Avenue Victor Hugo;Marseille
497;147978;Manon;Bernard;Toulouse Avenue Montaigne;60744;1997100282;4/19/1974;Avenue Montaigne;Toulouse
498;451077;Milo;Bernard;Lyon Rue Lafayette;5829;5053017166;11/10/1983;Rue Lafayette;Lyon
499;979207;Manon;Moreau;Marseille Avenue des Champs-Élysées;82613;5318089232;6/9/1971;Avenue des Champs-Élysées;Marseille
500;567930;Gabriel;Dubois;Toulouse Rue de la Paix;66816;5488235469;2/4/1972;Rue de la Paix;Toulouse
